{
  "random": {
    "ratio_0.3": {
      "mean": 0.2964524175534982,
      "std": 0.004861214446278376,
      "target": 0.3,
      "reconstruction_quality": {
        "mean": 0.016442786710740134,
        "std": 0.005273654685905521,
        "values": [
          0.01928702487254279,
          0.011617282085144783,
          0.01988001846006409,
          0.005453772179572754,
          0.018340484382537794,
          0.010282953155929376,
          0.02305059309964862,
          0.020307469338809742,
          0.020165967894339505,
          0.01604230163881191
        ]
      }
    },
    "ratio_0.5": {
      "mean": 0.4991431697347263,
      "std": 0.001496697142004723,
      "target": 0.5,
      "reconstruction_quality": {
        "mean": 0.12342354748696269,
        "std": 0.013939856336423499,
        "values": [
          0.09737773745284214,
          0.1494869683513938,
          0.12591354301605792,
          0.12151662434083678,
          0.1265112094578995,
          0.12946312838476298,
          0.11325475348482464,
          0.13971563308183416,
          0.11969294856904059,
          0.11130292873013437
        ]
      }
    },
    "ratio_0.7": {
      "mean": 0.696808084876006,
      "std": 0.0030416911016593836,
      "target": 0.7,
      "reconstruction_quality": {
        "mean": 0.37600974133318565,
        "std": 0.02798672015604829,
        "values": [
          0.37402197588177266,
          0.4061075214674482,
          0.3766104582872064,
          0.31948717745242067,
          0.33540145491509343,
          0.37760829110493555,
          0.370942378157439,
          0.4143799261416118,
          0.3899155527948578,
          0.3956226771290708
        ]
      }
    },
    "stats": {
      "random_mean_ratio": 0.49746789072141007,
      "random_std_ratio": 0.16348462049101073,
      "random_num_sequences": 30
    }
  },
  "frequency": {
    "ratio_0.3": {
      "mean": 0.2964524175534982,
      "std": 0.004861214446278376,
      "target": 0.3,
      "reconstruction_quality": {
        "mean": 0.09323944427678377,
        "std": 0.005021664221098194,
        "values": [
          0.09596708604499847,
          0.09151024481051159,
          0.0956615559435782,
          0.07898782609432885,
          0.09536916221554961,
          0.09516789075558388,
          0.09697196786440505,
          0.09246247606291999,
          0.09398845406675341,
          0.09630777890920876
        ]
      }
    },
    "ratio_0.5": {
      "mean": 0.4991431697347263,
      "std": 0.001496697142004723,
      "target": 0.5,
      "reconstruction_quality": {
        "mean": 0.36661862370277504,
        "std": 0.0022023620326264842,
        "values": [
          0.3610033920156003,
          0.36787944117144233,
          0.36787944117144233,
          0.36787944117144233,
          0.36787944117144233,
          0.36787944117144233,
          0.36787944117144233,
          0.36442519961673087,
          0.3656015571953233,
          0.36787944117144233
        ]
      }
    },
    "ratio_0.7": {
      "mean": 0.696808084876006,
      "std": 0.0030416911016593836,
      "target": 0.7,
      "reconstruction_quality": {
        "mean": 0.6471849949603958,
        "std": 0.004057093789469399,
        "values": [
          0.640218377525141,
          0.6411803884299546,
          0.6490052905382695,
          0.645648526427892,
          0.6434826494740388,
          0.650880361975666,
          0.6514390575310556,
          0.6508147748212786,
          0.651027405691658,
          0.6481531171890039
        ]
      }
    },
    "stats": {
      "frequency_mean_ratio": 0.49746789072141007,
      "frequency_std_ratio": 0.16348462049101073,
      "frequency_num_sequences": 30
    }
  }
}