{
  "model_results": {
    "model_name": "rl_model",
    "quality_metrics": {
      "ratio_0.3": {
        "mean": 1.0,
        "std": 0.0,
        "values": [
          1.0,
          1.0,
          1.0
        ]
      },
      "ratio_0.5": {
        "mean": 1.0,
        "std": 0.0,
        "values": [
          1.0,
          1.0,
          1.0
        ]
      },
      "ratio_0.7": {
        "mean": 1.0,
        "std": 0.0,
        "values": [
          1.0,
          1.0,
          1.0
        ]
      }
    },
    "efficiency_metrics": {
      "ratio_0.3": {
        "mean_time": 0.06603307723999023,
        "std_time": 0.015589498341315842,
        "mean_memory": 1.484375,
        "std_memory": 1.2171062633352931,
        "throughput": 151.43925465802627
      },
      "ratio_0.5": {
        "mean_time": 0.05421156883239746,
        "std_time": 0.005414169268248701,
        "mean_memory": 0.0875,
        "std_memory": 0.1364304997058942,
        "throughput": 184.46247204017246
      },
      "ratio_0.7": {
        "mean_time": 0.05313372611999512,
        "std_time": 0.001540574247274654,
        "mean_memory": 0.30625,
        "std_memory": 0.38140365755980893,
        "throughput": 188.2043803481125
      }
    },
    "compression_ratios": {
      "ratio_0.3": {
        "mean": 1.0,
        "std": 0.0,
        "target": 0.3,
        "values": [
          1.0,
          1.0,
          1.0
        ]
      },
      "ratio_0.5": {
        "mean": 1.0,
        "std": 0.0,
        "target": 0.5,
        "values": [
          1.0,
          1.0,
          1.0
        ]
      },
      "ratio_0.7": {
        "mean": 1.0,
        "std": 0.0,
        "target": 0.7,
        "values": [
          1.0,
          1.0,
          1.0
        ]
      }
    }
  },
  "baseline_comparison": {
    "baseline_results": {
      "random": {
        "ratio_0.3": {
          "mean": 0.2964524175534982,
          "std": 0.004861214446278376,
          "target": 0.3,
          "reconstruction_quality": {
            "mean": 0.016442786710740134,
            "std": 0.005273654685905521,
            "values": [
              0.01928702487254279,
              0.011617282085144783,
              0.01988001846006409,
              0.005453772179572754,
              0.018340484382537794,
              0.010282953155929376,
              0.02305059309964862,
              0.020307469338809742,
              0.020165967894339505,
              0.01604230163881191
            ]
          }
        },
        "ratio_0.5": {
          "mean": 0.4991431697347263,
          "std": 0.001496697142004723,
          "target": 0.5,
          "reconstruction_quality": {
            "mean": 0.12342354748696269,
            "std": 0.013939856336423499,
            "values": [
              0.09737773745284214,
              0.1494869683513938,
              0.12591354301605792,
              0.12151662434083678,
              0.1265112094578995,
              0.12946312838476298,
              0.11325475348482464,
              0.13971563308183416,
              0.11969294856904059,
              0.11130292873013437
            ]
          }
        },
        "ratio_0.7": {
          "mean": 0.696808084876006,
          "std": 0.0030416911016593836,
          "target": 0.7,
          "reconstruction_quality": {
            "mean": 0.37600974133318565,
            "std": 0.02798672015604829,
            "values": [
              0.37402197588177266,
              0.4061075214674482,
              0.3766104582872064,
              0.31948717745242067,
              0.33540145491509343,
              0.37760829110493555,
              0.370942378157439,
              0.4143799261416118,
              0.3899155527948578,
              0.3956226771290708
            ]
          }
        },
        "stats": {
          "random_mean_ratio": 0.49746789072141007,
          "random_std_ratio": 0.16348462049101073,
          "random_num_sequences": 30
        }
      },
      "frequency": {
        "ratio_0.3": {
          "mean": 0.2964524175534982,
          "std": 0.004861214446278376,
          "target": 0.3,
          "reconstruction_quality": {
            "mean": 0.09323944427678377,
            "std": 0.005021664221098194,
            "values": [
              0.09596708604499847,
              0.09151024481051159,
              0.0956615559435782,
              0.07898782609432885,
              0.09536916221554961,
              0.09516789075558388,
              0.09697196786440505,
              0.09246247606291999,
              0.09398845406675341,
              0.09630777890920876
            ]
          }
        },
        "ratio_0.5": {
          "mean": 0.4991431697347263,
          "std": 0.001496697142004723,
          "target": 0.5,
          "reconstruction_quality": {
            "mean": 0.36661862370277504,
            "std": 0.0022023620326264842,
            "values": [
              0.3610033920156003,
              0.36787944117144233,
              0.36787944117144233,
              0.36787944117144233,
              0.36787944117144233,
              0.36787944117144233,
              0.36787944117144233,
              0.36442519961673087,
              0.3656015571953233,
              0.36787944117144233
            ]
          }
        },
        "ratio_0.7": {
          "mean": 0.696808084876006,
          "std": 0.0030416911016593836,
          "target": 0.7,
          "reconstruction_quality": {
            "mean": 0.6471849949603958,
            "std": 0.004057093789469399,
            "values": [
              0.640218377525141,
              0.6411803884299546,
              0.6490052905382695,
              0.645648526427892,
              0.6434826494740388,
              0.650880361975666,
              0.6514390575310556,
              0.6508147748212786,
              0.651027405691658,
              0.6481531171890039
            ]
          }
        },
        "stats": {
          "frequency_mean_ratio": 0.49746789072141007,
          "frequency_std_ratio": 0.16348462049101073,
          "frequency_num_sequences": 30
        }
      },
      "length": {
        "ratio_0.3": {
          "mean": 0.2964524175534982,
          "std": 0.004861214446278376,
          "target": 0.3,
          "reconstruction_quality": {
            "mean": 0.011495052238146862,
            "std": 0.00677912114630599,
            "values": [
              0.0037062941490936256,
              0.004174137223027594,
              0.016911192490763706,
              0.024390010654643732,
              0.0032056787298106377,
              0.008681371815424232,
              0.0072701805680075475,
              0.015728442746363695,
              0.01719339503420669,
              0.013689818970127155
            ]
          }
        },
        "ratio_0.5": {
          "mean": 0.4991431697347263,
          "std": 0.001496697142004723,
          "target": 0.5,
          "reconstruction_quality": {
            "mean": 0.11641608785087418,
            "std": 0.01994886177798079,
            "values": [
              0.08285855519631055,
              0.10500703167685653,
              0.10450910614662637,
              0.16064689824025008,
              0.11519859525227717,
              0.12365870371150903,
              0.11446731060567143,
              0.13699830918576725,
              0.10442477599039575,
              0.11639159250307769
            ]
          }
        },
        "ratio_0.7": {
          "mean": 0.696808084876006,
          "std": 0.0030416911016593836,
          "target": 0.7,
          "reconstruction_quality": {
            "mean": 0.36568826599199583,
            "std": 0.02408059469787373,